name,platform,release_date,meta_score,user_review
Disco Elysium: The Final Cut, PC,2021,97,83
Persona 5 Royal, PlayStation 4,2020,95,84
The Last of Us Part II, PlayStation 4,2020,93,57
Half-Life: Alyx, PC,2020,93,92
Red Dead Redemption 2, PC,2019,93,62
Beat Saber, PC,2019,93,84
Hades, PC,2020,93,89
Microsoft Flight Simulator, PC,2020,91,72
Factorio, PC,2020,91,91
Final Fantasy XIV: Shadowbringers, PlayStation 4,2019,91,84
Crusader Kings III, PC,2020,91,84
Disco Elysium, PC,2019,91,84
NieR: Automata - Game of the YoRHa Edition, PlayStation 4,2019,91,87
Resident Evil 2, PlayStation 4,2019,91,89
Spelunky 2, PC,2020,91,67
Dragon Quest XI S: Echoes of an Elusive Age - Definitive Edition, PlayStation 4,2020,91,81
Final Fantasy XIV: Shadowbringers, PC,2019,90,91
Tetris Effect, PC,2019,90,66
Chicory: A Colorful Tale, PC,2021,90,75
Sekiro: Shadows Die Twice, PlayStation 4,2019,90,83
Resident Evil 2, PC,2019,89,90
It Takes Two, PlayStation 4,2021,89,91
Monster Hunter: World - Iceborne, PlayStation 4,2019,89,84
There is no game : Wrong dimension, PC,2020,89,88
Devil May Cry 5, PC,2019,89,86
Slay the Spire, PC,2019,89,75
Apex Legends, PlayStation 4,2019,89,69
Synth Riders, PlayStation 4,2021,89,#¡VALOR!
Dreams, PlayStation 4,2020,89,87
Psychonauts 2, PC,2021,89,68
Tony Hawk's Pro Skater 1 + 2, PlayStation 4,2020,89,88
Asgard's Wrath, PC,2019,88,82
Sekiro: Shadows Die Twice, PC,2019,88,83
Tony Hawk's Pro Skater 1 + 2, PC,2020,88,70
Streets of Rage 4: Mr. X Nightmare, PC,2021,88,76
Ori and the Will of the Wisps, PC,2020,88,87
Halo: The Master Chief Collection - Halo 3, PC,2020,88,79
It Takes Two, PC,2021,88,90
Deathloop, PC,2021,88,48
Unity of Command II, PC,2019,88,77
Apex Legends, PC,2019,88,60
Devil May Cry 5, PlayStation 4,2019,88,84
Slay the Spire, PlayStation 4,2019,88,69
F1 2020, PC,2020,88,70
Wildermyth, PC,2021,88,78
DOOM Eternal, PC,2020,88,88
Pistol Whip, PlayStation 4,2020,88,71
Kentucky Route Zero: TV Edition, PlayStation 4,2020,88,61
Frostpunk: Console Edition, PlayStation 4,2019,87,80
Hitman 3, PC,2021,87,74
Sid Meier's Civilization VI, PlayStation 4,2019,87,68
Final Fantasy VII Remake, PlayStation 4,2020,87,81
Legends of Runeterra, PC,2020,87,70
Baba Is You, PC,2019,87,83
DOOM Eternal, PlayStation 4,2020,87,89
Monster Hunter: World - Iceborne, PC,2020,87,78
F1 2019, PC,2019,87,74
Persona 4 Golden, PC,2020,87,89
Psychonauts 2, PlayStation 4,2021,87,48
Sunless Skies, PC,2019,87,69
Spelunky 2, PlayStation 4,2020,87,81
F1 2020, PlayStation 4,2020,86,78
Mass Effect Legendary Edition, PlayStation 4,2021,86,56
Dragon Quest Builders 2, PlayStation 4,2019,86,77
Steins;Gate Elite, PlayStation 4,2019,86,75
Mass Effect Legendary Edition, PC,2021,86,54
Death Stranding, PC,2020,86,77
Ni no Kuni: Wrath of the White Witch Remastered, PlayStation 4,2019,86,82
Valfaris, PC,2019,86,79
Panzer Corps 2, PC,2020,86,57
Disco Elysium: The Final Cut, PlayStation 4,2021,86,75
Nioh 2: The Complete Edition, PC,2021,86,67
Fell Seal: Arbiter's Mark, PlayStation 4,2019,86,65
Devotion, PC,2019,86,78
Desperados III, PC,2020,86,82
MLB The Show 19, PlayStation 4,2019,86,76
Final Fantasy IV Pixel Remaster, PC,2021,86,73
Monster Train, PC,2020,86,82
Cuphead, PlayStation 4,2020,86,83
ENDER LILIES: Quietus of the Knights, PC,2021,86,84
Cyberpunk 2077, PC,2020,86,71
F1 2021, PC,2021,86,31
Risk of Rain 2, PC,2020,85,81
Deep Rock Galactic, PC,2020,85,82
Mini Motorways, PC,2021,85,70
Wasteland 3, PC,2020,85,76
Castlevania Advance Collection, PlayStation 4,2021,85,73
13 Sentinels: Aegis Rim, PlayStation 4,2020,85,91
The Outer Worlds, PlayStation 4,2019,85,80
Metro Exodus: Complete Edition, PC,2021,85,83
Huntdown, PC,2020,85,77
Control, PC,2019,85,72
Tales of Arise, PC,2021,85,86
Dragon Quest Builders 2, PC,2019,85,72
Nioh 2, PlayStation 4,2020,85,79
Bayonetta & Vanquish, PlayStation 4,2020,85,79
The Forgotten City, PC,2021,85,76
AMID EVIL, PC,2019,85,74
Football Manager 2021, PC,2020,85,63
Total War: Three Kingdoms, PC,2019,85,76
Outer Wilds, PC,2019,85,82
Manifold Garden, PC,2020,85,73
Death's Door, PC,2021,85,76
Crash Bandicoot 4: It's About Time, PlayStation 4,2020,85,81
DiRT Rally 2.0, PC,2019,84,49
Hitman 3, PlayStation 4,2021,84,79
Atelier Ryza 2: Lost Legends & the Secret Fairy, PC,2021,84,77
Guilty Gear -Strive-, PC,2021,84,81
If Found..., PC,2020,84,69
Yakuza: Like a Dragon, PlayStation 4,2020,84,80
DiRT Rally 2.0, PlayStation 4,2019,84,59
Eliza, PC,2019,84,62
Horizon Zero Dawn: Complete Edition, PC,2020,84,65
Guilty Gear -Strive-, PlayStation 4,2021,84,80
Football Manager 2020, PC,2019,84,60
Streets of Rage 4, PC,2020,84,78
Wargroove, PlayStation 4,2019,84,58
Griftlands, PC,2021,84,76
Lair of the Clockwork God, PC,2020,84,74
Tom Clancy's The Division 2, PC,2019,84,46
Fuga: Melodies of Steel, PC,2021,84,81
Marvel's Spider-Man: Miles Morales, PlayStation 4,2020,84,76
The Darkside Detective: A Fumble in the Dark, PC,2021,84,77
Age of Empires II: Definitive Edition, PC,2019,84,88
Spiritfarer, PC,2020,84,80
F1 2019, PlayStation 4,2019,84,77
Telling Lies, PC,2019,84,62
Shovel Knight: King of Cards, PC,2019,84,76
Everhood, PC,2021,84,77
Genshin Impact, PC,2020,84,40
Ghost of Tsushima, PlayStation 4,2020,83,91
Bloodstained: Ritual of the Night, PC,2019,83,83
The Yakuza Remastered Collection, PlayStation 4,2019,83,77
Life is Strange 2: Episode 5 - Wolves, PC,2019,83,59
Persona 5 Strikers, PlayStation 4,2021,83,78
FAR: Lone Sails, PlayStation 4,2019,83,65
Bloodstained: Ritual of the Night, PlayStation 4,2019,83,84
Crash Bandicoot 4: It's About Time, PC,2021,83,51
Crash Team Racing: Nitro-Fueled, PlayStation 4,2019,83,69
Kingdom Hearts III, PlayStation 4,2019,83,80
WHAT THE GOLF?, PC,2019,83,79
NieR Replicant ver.1.22474487139..., PlayStation 4,2021,83,85
One Finger Death Punch 2, PC,2019,83,81
MLB The Show 20, PlayStation 4,2020,83,65
Sackboy: A Big Adventure, PlayStation 4,2020,83,83
Observer: System Redux, PC,2020,83,75
Little Nightmares II, PC,2021,83,82
Trials of Fire, PC,2021,83,69
Trials Rising, PC,2019,83,50
Yakuza: Like a Dragon, PC,2020,83,79
No Man's Sky Beyond, PlayStation 4,2019,83,82
Sunlight, PC,2021,83,54
Creaks, PlayStation 4,2020,83,73
Ape Out, PC,2019,83,67
Katana ZERO, PC,2019,83,89
Pathfinder: Wrath of the Righteous, PC,2021,83,75
World of Warcraft: Shadowlands, PC,2020,83,41
Spiritfarer, PlayStation 4,2020,83,78
I Expect You To Die 2: The Spy And The Liar, PC,2021,83,#¡VALOR!
Kena: Bridge of Spirits, PC,2021,83,78
Hypnospace Outlaw, PC,2019,83,67
Disc Room, PC,2020,83,75
Resident Evil Village, PC,2021,83,84
Demeo, PC,2021,83,82
Tales From Off-Peak City Vol. 1, PC,2020,83,81
Crown Trick, PC,2020,83,76
VA-11 Hall-A: Cyberpunk Bartender Action, PlayStation 4,2019,83,72
Life is Strange: True Colors, PlayStation 4,2021,82,69
Command & Conquer Remastered Collection, PC,2020,82,87
Freedom Finger, PlayStation 4,2020,82,76
Street Fighter V: Champion Edition, PlayStation 4,2020,82,60
Sayonara Wild Hearts, PlayStation 4,2019,82,67
Chivalry 2, PC,2021,82,52
Wreckfest, PlayStation 4,2019,82,70
Outer Wilds, PlayStation 4,2019,82,77
Kaze and the Wild Masks, PC,2021,82,76
Katamari Damacy REROLL, PlayStation 4,2020,82,60
Sam & Max Save the World Remastered, PC,2020,82,46
Yakuza 5 Remastered, PlayStation 4,2020,82,79
SnowRunner, PC,2020,82,66
Yakuza 6: The Song of Life, PC,2021,82,84
Tom Clancy's The Division 2, PlayStation 4,2019,82,62
Pistol Whip, PC,2019,82,77
Mortal Kombat 11, PC,2019,82,32
One Step From Eden, PC,2020,82,87
Yooka-Laylee and the Impossible Lair, PlayStation 4,2019,82,70
Yakuza Kiwami 2, PC,2019,82,84
Desperados III, PlayStation 4,2020,82,78
Eastward, PC,2021,82,72
The Great Ace Attorney Chronicles, PlayStation 4,2021,82,60
Assassin's Creed Valhalla, PC,2020,82,74
Sairento VR, PlayStation 4,2019,82,61
Metro Exodus, PC,2019,82,72
The Outer Worlds, PC,2019,82,73
Huntdown, PlayStation 4,2020,82,75
The Ramp, PC,2021,82,#¡VALOR!
Batbarian: Testament of the Primordials, PC,2020,82,87
Death Stranding, PlayStation 4,2019,82,73
Life is Strange: True Colors, PC,2021,82,67
Creaks, PC,2020,82,82
Subnautica: Below Zero, PC,2021,82,63
Mortal Kombat 11, PlayStation 4,2019,82,37
The Sims 4: Eco Lifestyle, PC,2020,82,33
Little Nightmares II, PlayStation 4,2021,82,85
Control, PlayStation 4,2019,82,72
Life is Strange 2: Episode 4 - Faith, PC,2019,82,48
eFootball PES 2020, PlayStation 4,2019,82,75
Streets of Rage 4, PlayStation 4,2020,82,81
Two Point Hospital, PlayStation 4,2020,82,71
GRIS, PlayStation 4,2019,82,82
Tainted Grail: Conquest, PC,2021,82,76
Paradise Killer, PC,2020,82,77
Filament, PC,2020,82,76
Children of Morta, PC,2019,82,83
The Legend of Heroes: Trails of Cold Steel III, PlayStation 4,2019,82,86
The Walking Dead: The Telltale Definitive Series, PlayStation 4,2019,82,76
Tales of Arise, PlayStation 4,2021,82,85
Monster Hunter Stories 2: Wings of Ruin, PC,2021,82,77
Chicken Police - Paint it RED!, PC,2020,82,77
The Messenger, PlayStation 4,2019,82,79
Gears 5, PC,2019,82,69
Wargroove, PC,2019,82,60
Sakuna: Of Rice and Ruin, PC,2020,82,72
Doki Doki Literature Club Plus!, PC,2021,82,86
Loop Hero, PC,2021,82,82
Life is Strange 2: Episode 5 - Wolves, PlayStation 4,2019,82,63
Old World, PC,2021,82,88
Cyber Shadow, PC,2021,82,70
Pixel Ripped 1995, PlayStation 4,2020,82,66
A Plague Tale: Innocence, PlayStation 4,2019,81,85
World of Warcraft Classic, PC,2019,81,64
Yuppie Psycho, PC,2019,81,82
Star Wars Pinball VR, PC,2021,81,#¡VALOR!
GRIME, PC,2021,81,79
Fuser, PlayStation 4,2020,81,72
The Great Ace Attorney Chronicles, PC,2021,81,61
The Sims 4: Discover University, PC,2019,81,46
Remnant: From the Ashes - Swamps of Corsus, PC,2020,81,71
Star Wars Jedi: Fallen Order, PC,2019,81,79
Ghostrunner, PC,2020,81,83
Hunt: Showdown, PlayStation 4,2020,81,70
Frog Detective 2: The Case of the Invisible Wizard, PC,2019,81,82
The Elder Scrolls Online: Dragonhold, PC,2019,81,46
Irony Curtain: From Matryoshka with Love, PC,2019,81,79
Unruly Heroes, PC,2019,81,63
Stygian: Reign of the Old Ones, PC,2019,81,80
MORDHAU, PC,2019,81,78
The Pedestrian, PC,2020,81,76
The Sims 4: Cottage Living, PC,2021,81,#¡VALOR!
Suzerain, PC,2020,81,79
Bloodroots, PlayStation 4,2020,81,64
Boomerang X, PC,2021,81,70
Stormland, PC,2019,81,75
Samurai Shodown, PlayStation 4,2019,81,78
Overboard!, PC,2021,81,#¡VALOR!
Silicon Dreams, PC,2021,81,#¡VALOR!
Hunt: Showdown, PC,2019,81,72
Catherine: Full Body, PlayStation 4,2019,81,81
Borderlands 3, PC,2019,81,53
SnowRunner, PlayStation 4,2020,81,68
CrossCode, PlayStation 4,2020,81,74
The Walking Dead: Saints & Sinners, PC,2020,81,80
The Legend of Heroes: Trails of Cold Steel IV, PlayStation 4,2020,81,87
Halo: Reach Remastered, PC,2019,81,73
Visage, PC,2020,81,#¡VALOR!
Anno 1800, PC,2019,81,79
Call of Duty: Modern Warfare, PC,2019,81,25
Resident Evil Village, PlayStation 4,2021,81,82
Genshin Impact, PlayStation 4,2020,81,46
Planet Zoo, PC,2019,81,79
The Vale: Shadow of the Crown, PC,2021,81,#¡VALOR!
The Pathless, PC,2020,81,76
My Friend Pedro, PC,2019,81,80
Necrobarista, PC,2020,81,62
Tales of Vesperia: Definitive Edition, PlayStation 4,2019,81,75
Baldur's Gate and Baldur's Gate II: Enhanced Editions, PlayStation 4,2019,81,63
Yooka-Laylee and the Impossible Lair, PC,2019,81,63
Atelier Ryza 2: Lost Legends & the Secret Fairy, PlayStation 4,2021,81,75
A Plague Tale: Innocence, PC,2019,81,85
Creature in the Well, PlayStation 4,2020,81,67
Trine 4: The Nightmare Prince, PC,2019,81,80
Age of Wonders: Planetfall, PC,2019,81,76
L.A. Noire: The VR Case Files, PlayStation 4,2019,81,70
Horace, PC,2019,81,73
Fall Guys: Ultimate Knockout, PlayStation 4,2020,81,70
Void Bastards, PC,2019,81,74
WRC 9 FIA World Rally Championship, PlayStation 4,2020,81,60
Final Fantasy VIII Remastered, PlayStation 4,2019,80,71
Gears Tactics, PC,2020,80,76
Dark Deity, PC,2021,80,65
Phoenix Wright: Ace Attorney Trilogy, PC,2019,80,87
The Last Campfire, PC,2020,80,84
The Elder Scrolls Online: Elsweyr, PC,2019,80,80
Unsighted, PC,2021,80,77
Detroit: Become Human, PC,2019,80,77
Skul: The Hero Slayer, PC,2021,80,65
Mutazione, PC,2019,80,73
SpellForce 3: Soul Harvest, PC,2019,80,83
Five Nights at Freddy's VR: Help Wanted, PlayStation 4,2019,80,77
Amnesia: Rebirth, PC,2020,80,64
Assassin's Creed Valhalla, PlayStation 4,2020,80,72
Ys IX: Monstrum Nox, PlayStation 4,2021,80,82
Monster Prom 2: Monster Camp, PC,2020,80,73
Under Night In-Birth Exe:Late[cl-r], PlayStation 4,2020,80,64
Blood & Truth, PlayStation 4,2019,80,79
Going Under, PlayStation 4,2020,80,61
Torchlight II, PlayStation 4,2019,80,49
The Artful Escape, PC,2021,80,63
Neon Abyss, PlayStation 4,2020,80,74
Super Mega Baseball 3, PlayStation 4,2020,80,67
Call of Duty: Modern Warfare, PlayStation 4,2019,80,34
Dreamscaper, PC,2021,80,74
Ghost Giant, PlayStation 4,2019,80,71
Sid Meier's Civilization VI: Gathering Storm, PC,2019,80,67
Phoenix Wright: Ace Attorney Trilogy, PlayStation 4,2019,80,77
Bloodstained: Curse of the Moon 2, PC,2020,80,80
Valfaris, PlayStation 4,2019,80,70
Metro Exodus, PlayStation 4,2019,80,72
Ace Combat 7: Skies Unknown, PlayStation 4,2019,80,79
Trine 4: The Nightmare Prince, PlayStation 4,2019,80,72
Dandy Ace, PC,2021,80,87
Superliminal, PlayStation 4,2020,80,72
Wintermoor Tactics Club, PC,2020,80,#¡VALOR!
A Short Hike, PC,2019,80,86
Dauntless, PlayStation 4,2019,80,39
NEO: The World Ends With You, PlayStation 4,2021,80,85
Valorant, PC,2020,80,50
Fall Guys: Ultimate Knockout, PC,2020,80,73
Fantasy General II: Invasion, PC,2019,80,72
Puyo Puyo Tetris 2, PlayStation 4,2020,80,62
"Bury Me, My Love", PC,2019,80,31
The Legend of Heroes: Trails of Cold Steel, PlayStation 4,2019,80,86
Yakuza Kiwami, PC,2019,80,80
Final Fantasy Pixel Remaster, PC,2021,80,56
Mega Man Zero / ZX Legacy Collection, PlayStation 4,2020,80,82
Octopath Traveler, PC,2019,80,65
Lost in Random, PlayStation 4,2021,80,72
Untitled Goose Game, PlayStation 4,2019,80,69
Knockout City, PC,2021,80,66
Arise: A Simple Story, PlayStation 4,2019,80,78
Catherine Classic, PC,2019,80,81
Shantae and the Seven Sirens, PC,2020,80,61
Dicey Dungeons, PC,2019,80,82
AI: The Somnium Files, PlayStation 4,2019,80,87
NieR Replicant ver.1.22474487139..., PC,2021,80,74
WRC 9 FIA World Rally Championship, PC,2020,80,63
Visage, PlayStation 4,2020,80,74
Natsuki Chronicles, PlayStation 4,2021,80,#¡VALOR!
Essays on Empathy, PC,2021,80,#¡VALOR!
Trover Saves the Universe, PC,2019,80,79
Darkwood, PlayStation 4,2019,80,78
Call of Duty: Warzone, PC,2020,80,34
Total War: Three Kingdoms - Mandate of Heaven, PC,2020,80,68
The Sims 4: Snowy Escape, PC,2020,80,51
AVICII Invector, PlayStation 4,2019,80,69
Knockout City, PlayStation 4,2021,80,73
Scarlet Nexus, PlayStation 4,2021,80,77
Total War: Three Kingdoms - A World Betrayed, PC,2020,80,61
Autonauts, PC,2019,80,80
Children of Morta, PlayStation 4,2019,80,83
Judgment, PlayStation 4,2019,80,85
Scarlet Nexus, PC,2021,79,76
Telling Lies, PlayStation 4,2020,79,58
Atelier Dusk Trilogy Deluxe Pack, PlayStation 4,2020,79,62
DOOM Eternal: The Ancient Gods Part One, PC,2020,79,80
Star Wars Jedi: Fallen Order, PlayStation 4,2019,79,76
art of rally, PC,2020,79,67
Star Wars: Squadrons, PC,2020,79,59
Diablo II: Resurrected, PC,2021,79,32
Knights and Bikes, PlayStation 4,2019,79,77
Road 96, PC,2021,79,71
LEGO Builder's Journey, PC,2021,79,71
Planet Coaster: Console Edition, PlayStation 4,2020,79,54
Five Dates, PlayStation 4,2020,79,56
EarthNight, PlayStation 4,2020,79,68
Gravity Ghost: Deluxe Edition, PlayStation 4,2019,79,31
Immortals Fenyx Rising, PC,2020,79,76
Pirates Outlaws, PC,2020,79,81
Tails of Iron, PC,2021,79,82
Bugsnax, PlayStation 4,2020,79,77
The Walking Dead: Saints & Sinners, PlayStation 4,2020,79,82
Ocean's Heart, PC,2021,79,57
PHOGS!, PlayStation 4,2020,79,65
Hell Let Loose, PC,2021,79,65
Knights And Bikes, PC,2019,79,73
Per Aspera, PC,2020,79,67
Ion Fury, PC,2019,79,70
Shin Megami Tensei III: Nocturne HD Remaster, PC,2021,79,76
Helheim Hassle, PlayStation 4,2021,79,#¡VALOR!
The Longing, PC,2020,79,75
Blazing Chrome, PC,2019,79,74
Gato Roboto, PC,2019,79,70
Murder by Numbers, PC,2020,79,72
Call of Duty: Warzone, PlayStation 4,2020,79,42
Resident Evil 3, PlayStation 4,2020,79,65
Nioh 2: Darkness in the Capital, PlayStation 4,2020,79,70
DIRT 5, PlayStation 4,2020,79,51
Mafia: Definitive Edition, PC,2020,79,68
Star Wars: Squadrons, PlayStation 4,2020,79,56
Life is Strange 2: Episode 2 - Rules, PC,2019,79,51
Trials Rising, PlayStation 4,2019,79,66
The Last Show of Mr. Chardish, PC,2020,79,#¡VALOR!
Fury Unleashed, PC,2020,79,67
Observation, PC,2019,79,74
The Life and Suffering of Sir Brante, PC,2021,79,85
River City Girls, PlayStation 4,2019,79,65
Paper Beast, PlayStation 4,2020,79,76
Final Fantasy III Pixel Remaster, PC,2021,79,46
Wildfire, PC,2020,79,78
Arise: A Simple Story, PC,2019,79,76
FIFA 20, PlayStation 4,2019,79,12
Frostpunk: The Last Autumn, PC,2020,79,81
Untitled Goose Game, PC,2019,79,65
Blizzard Arcade Collection, PC,2021,79,#¡VALOR!
Spellbreak, PC,2020,79,81
Wasteland 3, PlayStation 4,2020,79,67
Angry Birds VR: Isle of Pigs, PC,2019,79,51
Alba: a Wildlife Adventure, PC,2020,79,81
Tom Clancy's The Division 2: Warlords of New York, PC,2020,79,9
Curse of the Dead Gods, PlayStation 4,2021,79,76
Moving Out, PC,2020,79,74
WRC 8 FIA World Rally Championship, PlayStation 4,2019,79,59
Druidstone: The Secret of the Menhir Forest, PC,2019,79,73
Olija, PlayStation 4,2021,78,#¡VALOR!
Othercide, PC,2020,78,67
Back 4 Blood, PC,2021,78,57
Cyber Shadow, PlayStation 4,2021,78,71
Descenders, PC,2019,78,68
Lost Ember, PC,2019,78,75
Axiom Verge 2, PC,2021,78,54
Golf Club: Wasteland, PC,2021,78,68
Indivisible, PC,2019,78,64
Adios, PC,2021,78,40
Shady Part of Me, PlayStation 4,2020,78,64
Budget Cuts, PlayStation 4,2020,78,#¡VALOR!
Borderlands 3, PlayStation 4,2019,78,59
Granblue Fantasy: Versus, PlayStation 4,2020,78,65
Dauntless, PC,2019,78,53
Werewolf: The Apocalypse - Heart of the Forest, PC,2020,78,48
SUPERHOT: MIND CONTROL DELETE, PC,2020,78,65
Mobile Suit Gundam: Extreme VS. MaxiBoost ON, PlayStation 4,2020,78,76
Curse of the Dead Gods, PC,2021,78,74
TOEM, PC,2021,78,#¡VALOR!
Ace Combat 7: Skies Unknown, PC,2019,78,70
The Room VR: A Dark Matter, PC,2020,78,75
Arcade Spirits, PC,2019,78,54
The Procession to Calvary, PC,2020,78,78
Blasphemous, PlayStation 4,2019,78,79
Lemnis Gate, PC,2021,78,#¡VALOR!
ALTDEUS: Beyond Chronos, PC,2020,78,88
Control: The Foundation, PlayStation 4,2020,78,61
Green Hell, PC,2019,78,80
Life is Strange 2: Episode 3 - Wastelands, PC,2019,78,61
Humankind, PC,2021,78,69
Remnant: From the Ashes, PC,2019,78,67
Shady Part of Me, PC,2020,78,63
Atelier Lulua: The Scion of Arland, PlayStation 4,2019,78,67
KUNAI, PC,2020,78,78
Virtua Fighter 5 Ultimate Showdown, PlayStation 4,2021,78,66
Vesper, PC,2021,78,69
Yakuza 4 Remastered, PlayStation 4,2019,78,75
What The Dub?!, PlayStation 4,2021,78,#¡VALOR!
Jupiter Hell, PC,2021,78,77
A Fisherman's Tale, PC,2019,78,50
Tropico 6, PC,2019,78,64
Remnant: From the Ashes - Subject 2923, PC,2020,78,52
Trials of Mana, PC,2020,78,77
The Legend of Heroes: Trails of Cold Steel II, PlayStation 4,2019,78,84
Shakedown Hawaii, PlayStation 4,2019,78,49
John Wick Hex, PlayStation 4,2020,78,58
The Textorcist: The Story of Ray Bibbia, PC,2019,78,67
Fury Unleashed, PlayStation 4,2020,78,66
The Walking Dead: The Telltale Series - The Final Season Episode 3: Broken Toys, PlayStation 4,2019,78,70
The Sojourn, PC,2019,78,66
NBA 2K20, PlayStation 4,2019,78,14
Forager, PC,2019,78,76
Call of the Sea, PC,2020,78,77
Going Under, PC,2020,78,76
Hot Wheels Unleashed, PC,2021,78,83
Roguebook, PC,2021,78,46
Eastshade, PC,2019,78,79
EA SPORTS UFC 4, PlayStation 4,2020,78,15
In Sound Mind, PC,2021,78,77
Iratus: Lord of the Dead, PC,2020,78,74
Destiny 2: Shadowkeep, PC,2019,78,56
Atomicrops, PC,2020,78,75
Age of Wonders: Planetfall, PlayStation 4,2019,78,67
Plants vs. Zombies: Battle for Neighborville, PlayStation 4,2019,77,54
Vacation Simulator, PC,2019,77,57
WRC 8 FIA World Rally Championship, PC,2019,77,62
HARDCORE MECHA, PlayStation 4,2020,77,68
Battlefleet Gothic: Armada 2, PC,2019,77,75
Life is Strange 2: Episode 4 - Faith, PlayStation 4,2019,77,48
The Walking Dead: The Telltale Series - The Final Season Episode 4: Take Us Back, PC,2019,77,85
Orcs Must Die! 3, PC,2021,77,65
Audica, PC,2019,77,#¡VALOR!
DOOM Eternal: The Ancient Gods Part Two, PC,2021,77,60
Lost in Random, PC,2021,77,72
Rebel Galaxy Outlaw, PC,2019,77,55
Narita Boy, PlayStation 4,2021,77,64
I Am Dead, PC,2020,77,58
Othercide, PlayStation 4,2020,77,70
Capcom Arcade Stadium, PlayStation 4,2021,77,#¡VALOR!
They Are Billions, PC,2019,77,69
Pillars of Eternity II: Deadfire, PlayStation 4,2020,77,49
Sakuna: Of Rice and Ruin, PlayStation 4,2020,77,79
Whispers of a Machine, PC,2019,77,75
Stellaris: Console Edition, PlayStation 4,2019,77,68
Kaze and the Wild Masks, PlayStation 4,2021,77,74
Indivisible, PlayStation 4,2019,77,68
SpellForce 3: Fallen God, PC,2020,77,76
Super Cane Magic ZERO, PlayStation 4,2019,77,52
Dodgeball Academia, PC,2021,77,85
Plants vs. Zombies: Battle for Neighborville, PC,2019,77,47
Blasphemous, PC,2019,77,65
Solasta: Crown of the Magister, PC,2021,77,74
Fae Tactics, PC,2020,77,51
Space Junkies, PC,2019,77,50
Pacer, PlayStation 4,2020,77,56
Yakuza 3 Remastered, PlayStation 4,2020,77,72
Still There, PC,2019,77,80
Darksiders Genesis, PC,2019,77,76
SUPERHOT: MIND CONTROL DELETE, PlayStation 4,2020,77,65
Deliver Us The Moon, PlayStation 4,2020,77,66
Unbound: Worlds Apart, PC,2021,77,78
Olija, PC,2021,77,61
Let's Sing Queen, PlayStation 4,2020,77,#¡VALOR!
Signs of the Sojourner, PC,2020,77,76
A Fold Apart, PC,2020,77,78
FORM, PlayStation 4,2020,77,53
Genesis Noir, PC,2021,77,64
XCOM: Chimera Squad, PC,2020,77,47
Timelie, PC,2020,77,64
Before Your Eyes, PC,2021,77,86
Resident Evil 3, PC,2020,77,58
Disney Classic Games: Aladdin and the Lion King, PlayStation 4,2019,77,50
NHL 20, PlayStation 4,2019,77,37
Little Big Workshop, PC,2019,77,73
Remnant: From the Ashes, PlayStation 4,2019,77,70
Twelve Minutes, PC,2021,77,61
Assetto Corsa Competizione, PC,2019,77,71
Nioh 2: The Tengu's Disciple, PlayStation 4,2020,77,80
Borderlands 3: Bounty of Blood, PC,2020,77,56
Sable, PC,2021,77,76
Hotshot Racing, PlayStation 4,2020,77,62
SaGa Frontier Remastered, PlayStation 4,2021,77,66
Darksiders Genesis, PlayStation 4,2020,77,73
The Pathless, PlayStation 4,2020,77,75
Star Renegades, PC,2020,77,59
When The Past Was Around, PC,2020,77,81
Control: The Foundation, PC,2020,77,61
Tormented Souls, PC,2021,76,75
Bonkies, PlayStation 4,2021,76,#¡VALOR!
Unto The End, PlayStation 4,2020,76,50
MotoGP 19, PlayStation 4,2019,76,77
Pode, PlayStation 4,2019,76,43
The Big Con, PC,2021,76,58
MotoGP 20, PlayStation 4,2020,76,73
Trials of Mana, PlayStation 4,2020,76,75
Samurai Shodown, PC,2020,76,61
DOOM Eternal: The Ancient Gods Part One, PlayStation 4,2020,76,66
Call of Duty: Black Ops Cold War, PC,2020,76,31
Roki, PC,2020,76,78
PGA Tour 2K21, PlayStation 4,2020,76,63
Inmost, PC,2020,76,83
ScourgeBringer, PC,2020,76,62
Airborne Kingdom, PC,2020,76,72
Severed Steel, PC,2021,76,58
Ghostrunner, PlayStation 4,2020,76,73
Green Hell, PlayStation 4,2021,76,82
Operencia: The Stolen Sun, PC,2019,76,62
Imperator: Rome, PC,2019,76,49
Tropico 6, PlayStation 4,2019,76,70
Sniper Elite VR, PlayStation 4,2021,76,63
Mortal Shell, PC,2020,76,65
Bloodroots, PC,2020,76,61
Cake Bash, PlayStation 4,2020,76,60
Trigger Witch, PlayStation 4,2021,76,#¡VALOR!
Golf Club: Wasteland, PlayStation 4,2021,76,#¡VALOR!
Final Fantasy II Pixel Remaster, PC,2021,76,38
Beautiful Desolation, PC,2020,76,71
ToeJam & Earl: Back in the Groove, PC,2019,76,69
RIDE 4, PC,2020,76,58
Transport Fever 2, PC,2019,76,74
Blazing Chrome, PlayStation 4,2019,76,76
SaGa: Scarlet Grace - Ambitions, PlayStation 4,2019,76,69
Trover Saves the Universe, PlayStation 4,2019,76,80
Mutazione, PlayStation 4,2019,76,75
Persona 5 Strikers, PC,2021,76,69
Mafia: Definitive Edition, PlayStation 4,2020,76,68
Madden NFL 20, PlayStation 4,2019,76,14
Eldest Souls, PC,2021,76,65
The Outer Worlds: Murder on Eridanos, PC,2021,76,70
Noita, PC,2020,76,81
Minoria, PlayStation 4,2020,76,70
The Surge 2, PC,2019,76,62
Control: AWE, PlayStation 4,2020,76,68
Room to Grow, PC,2021,76,#¡VALOR!
The Survivalists, PlayStation 4,2020,76,66
Neo Cab, PC,2019,76,53
Broken Lines, PC,2020,76,71
Cat Quest II: The Lupus Empire, PC,2019,76,74
Heaven's Vault, PC,2019,76,60
Pumpkin Jack, PlayStation 4,2021,76,72
Days Gone, PC,2021,76,86
Borderlands: Game of the Year Edition, PlayStation 4,2019,76,65
Beyond: Two Souls, PC,2019,76,77
Panzer Paladin, PC,2020,76,#¡VALOR!
Field of Glory: Empires, PC,2019,76,69
New Super Lucky's Tale, PlayStation 4,2020,76,57
Behind the Frame: The Finest Scenery, PC,2021,76,86
Insurmountable, PC,2021,76,#¡VALOR!
Call of Duty: Black Ops Cold War, PlayStation 4,2020,76,34
Stirring Abyss, PC,2020,76,68
Mortal Shell, PlayStation 4,2020,76,72
Wraith: The Oblivion - Afterlife, PC,2021,76,78
Post Void, PC,2020,76,76
Utawarerumono: Prelude to the Fallen, PlayStation 4,2020,76,59
Feudal Alloy, PC,2019,76,74
The Wild At Heart, PC,2021,76,71
Journey to the Savage Planet, PC,2020,76,67
Far Cry 6, PC,2021,76,39
Destiny 2: Beyond Light, PlayStation 4,2020,76,39
The Sims 4: Paranormal Stuff Pack, PC,2021,76,#¡VALOR!
Maskmaker, PC,2021,76,#¡VALOR!
Curious Expedition 2, PC,2021,76,70
Shin Megami Tensei III: Nocturne HD Remaster, PlayStation 4,2021,76,78
The Wonderful 101: Remastered, PlayStation 4,2020,76,64
Scott Pilgrim vs. the World: The Game - Complete Edition, PlayStation 4,2021,75,64
Black Book, PC,2021,75,86
DOOM 64, PlayStation 4,2020,75,71
The Surge 2, PlayStation 4,2019,75,71
Vigil: The Longest Night, PC,2020,75,77
We. The Revolution, PC,2019,75,72
Unruly Heroes, PlayStation 4,2019,75,70
Earth Defense Force: World Brothers, PlayStation 4,2021,75,#¡VALOR!
Scott Pilgrim vs. the World: The Game - Complete Edition, PC,2021,75,61
OMNO, PC,2021,75,69
The Dark Pictures Anthology: Man of Medan, PC,2019,75,65
Samurai Warriors 5, PlayStation 4,2021,75,73
Descenders, PlayStation 4,2020,75,48
Defector, PC,2019,75,39
Deemo Reborn, PlayStation 4,2019,75,76
The Climb 2, PC,2021,75,#¡VALOR!
One Piece: Pirate Warriors 4, PlayStation 4,2020,75,77
God's Trigger, PC,2019,75,82
Life is Strange 2: Episode 3 - Wastelands, PlayStation 4,2019,75,54
Ys: Memories of Celceta, PlayStation 4,2020,75,73
Atelier Ryza: Ever Darkness & the Secret Hideout, PlayStation 4,2019,75,81
New World, PC,2021,75,41
Etherborn, PlayStation 4,2019,75,75
Atelier Mysterious Trilogy Deluxe Pack, PlayStation 4,2021,75,#¡VALOR!
LUNA The Shadow Dust, PC,2020,75,70
Amnesia: Rebirth, PlayStation 4,2020,75,65
Field of Glory II: Medieval, PC,2021,75,73
Beyond Blue, PlayStation 4,2020,75,83
Need for Speed: Hot Pursuit Remastered, PC,2020,75,43
Evan's Remains, PC,2020,75,#¡VALOR!
"Yes, Your Grace", PC,2020,75,78
Fate/Extella Link, PlayStation 4,2019,75,66
Below, PlayStation 4,2020,75,41
Dragon Star Varnir, PlayStation 4,2019,75,71
Legend of Keepers: Career of a Dungeon Manager, PC,2021,75,#¡VALOR!
Evil Genius 2: World Domination, PC,2021,75,49
Project Wingman, PC,2020,75,85
The Medium, PC,2021,75,72
The Elder Scrolls Online: Blackwood, PC,2021,75,45
Mortal Kombat 11: Aftermath, PlayStation 4,2020,75,62
The Room VR: A Dark Matter, PlayStation 4,2020,75,63
Crying Suns, PC,2019,75,77
Heavy Rain, PC,2019,75,74
Patapon 2 Remastered, PlayStation 4,2020,75,70
PHOGS!, PC,2020,75,#¡VALOR!
Concrete Genie, PlayStation 4,2019,75,81
Afterparty, PC,2019,75,68
Need for Speed: Hot Pursuit Remastered, PlayStation 4,2020,75,45
Carto, PlayStation 4,2020,75,63
The Ninja Saviors: Return of the Warriors, PlayStation 4,2019,75,64
My Time At Portia, PlayStation 4,2019,75,52
Total War: Rome Remastered, PC,2021,75,54
Age of Empires III: Definitive Edition, PC,2020,75,57
Encased: a sci-fi post-apocalyptic RPG, PC,2021,75,78
The Walking Dead: The Telltale Series - The Final Season Episode 4: Take Us Back, PlayStation 4,2019,75,74
A Total War Saga: TROY, PC,2020,75,60
Borderlands 3: Moxxi's Heist of the Handsome Jackpot, PC,2019,75,59
Observation, PlayStation 4,2019,75,64
Iron Harvest, PC,2020,75,65
Coffee Talk, PC,2020,75,76
Attack on Titan 2: Final Battle, PlayStation 4,2019,75,51
Phantom: Covert Ops, PC,2020,75,84
Chernobylite, PC,2021,75,81
Mundaun, PlayStation 4,2021,75,71
Tell Me Why, PC,2020,75,52
Carrion, PC,2020,75,79
Ion Fury, PlayStation 4,2020,75,68
VirtuaVerse, PC,2020,75,78
Crysis Remastered Trilogy, PlayStation 4,2021,74,#¡VALOR!
The Walking Dead: The Telltale Series - The Final Season Episode 3: Broken Toys, PC,2019,74,76
Romancing SaGa 3, PlayStation 4,2019,74,63
Everybody's Golf VR, PlayStation 4,2019,74,78
Castlevania Anniversary Collection, PlayStation 4,2019,74,54
Rad, PlayStation 4,2019,74,67
Assassin's Creed Valhalla: Wrath of the Druids, PC,2021,74,61
Death end re;Quest 2, PlayStation 4,2020,74,67
Dark Nights with Poe and Munro, PC,2020,74,53
Neversong, PC,2020,74,77
"Warhammer 40,000: Battlesector", PC,2021,74,78
Superliminal, PC,2019,74,78
Song of Horror, PC,2019,74,73
Ring of Pain, PC,2020,74,76
Pendragon, PC,2020,74,#¡VALOR!
PGA Tour 2K21, PC,2020,74,67
Biped, PC,2020,74,76
Trackmania, PC,2020,74,42
Black Future '88, PC,2019,74,71
Strangeland, PC,2021,74,74
Kingdom Hearts: Melody of Memory, PlayStation 4,2020,74,74
Phoenix Point, PC,2019,74,58
Ancestors Legacy, PlayStation 4,2019,74,70
Moving Out, PlayStation 4,2020,74,78
GRID, PC,2019,74,52
Lost Words: Beyond the Page, PC,2021,74,82
Saints Row: The Third Remastered, PlayStation 4,2020,74,68
FIFA 21, PC,2020,74,12
Neon Abyss, PC,2020,74,62
Wattam, PC,2019,74,66
Zombie Army 4: Dead War, PC,2019,74,46
Dawn of Man, PC,2019,74,74
Gibbous - A Cthulhu Adventure, PC,2019,74,64
Fuser, PC,2020,74,67
Relicta, PC,2020,74,66
Lost Words: Beyond the Page, PlayStation 4,2021,74,54
El Hijo - A Wild West Tale, PC,2020,74,75
Lapis x Labyrinth, PlayStation 4,2019,74,50
Journey to the Savage Planet, PlayStation 4,2020,74,70
Fort Triumph, PC,2020,74,74
Narita Boy, PC,2021,74,71
Pathfinder: Kingmaker - Definitive Edition, PlayStation 4,2020,74,54
Pikuniku, PC,2019,74,72
TT Isle of Man: Ride On The Edge 2, PlayStation 4,2020,74,57
RIDE 4, PlayStation 4,2020,74,68
198X, PlayStation 4,2019,74,59
Darwin Project, PC,2020,74,68
In Other Waters, PC,2020,74,55
Contra Anniversary Collection, PlayStation 4,2019,74,60
Darius Cozmic Collection: Arcade, PlayStation 4,2020,74,39
John Wick Hex, PC,2019,74,44
Samurai Warriors 5, PC,2021,74,75
Project Warlock, PlayStation 4,2020,74,49
Tom Clancy's The Division 2: Warlords of New York, PlayStation 4,2020,74,11
The Beast Inside, PC,2019,74,76
Nebuchadnezzar, PC,2021,74,57
The Outer Worlds: Peril on Gorgon, PC,2020,74,65
Dungeon Defenders: Awakened, PC,2020,74,73
Sonic Colors: Ultimate, PlayStation 4,2021,74,51
Partisans 1941, PC,2020,74,75
The Elder Scrolls Online: Elsweyr, PlayStation 4,2019,74,49
SNK 40th Anniversary Collection, PlayStation 4,2019,74,62
Far Cry New Dawn, PC,2019,73,39
Leisure Suit Larry: Wet Dreams Dry Twice, PC,2020,73,59
Phoenix Point: Behemoth Edition, PlayStation 4,2021,73,#¡VALOR!
Control: AWE, PC,2020,73,64
Toodee and Topdee, PC,2021,73,86
Final Fantasy VIII Remastered, PC,2019,73,56
MechWarrior 5: Mercenaries, PC,2019,73,53
Wasteland 3: The Battle of Steeltown, PC,2021,73,#¡VALOR!
The Legend of Bum-bo, PC,2019,73,64
Life is Strange 2: Episode 2 - Rules, PlayStation 4,2019,73,50
Nowhere Prophet, PC,2019,73,59
No Longer Home, PC,2021,73,#¡VALOR!
Cris Tales, PC,2021,73,78
Onimusha: Warlords, PlayStation 4,2019,73,66
R-Type Final 2, PlayStation 4,2021,73,61
Cricket 19, PlayStation 4,2019,73,79
Lightmatter, PC,2020,73,77
GRID, PlayStation 4,2019,73,59
Cloudpunk, PC,2020,73,77
The Elder Scrolls Online: Greymoor, PC,2020,73,49
Dragon Ball Z: Kakarot, PC,2020,73,76
Tribes of Midgard, PC,2021,73,79
Xuan-Yuan Sword 7, PlayStation 4,2021,73,66
Medieval Dynasty, PC,2021,73,74
Vaporum, PlayStation 4,2019,73,44
Dead or Alive 6, PC,2019,73,49
Destiny 2: Shadowkeep, PlayStation 4,2019,73,56
Rocket Arena, PC,2020,73,49
Watch Dogs: Legion - Bloodline, PC,2021,73,82
Minute of Islands, PC,2021,73,#¡VALOR!
BPM: Bullets Per Minute, PC,2020,73,82
Destiny 2: Beyond Light, PC,2020,73,41
Oddworld: Soulstorm, PC,2021,73,62
The Eternal Castle Remastered, PC,2019,73,67
Iron Danger, PC,2020,73,78
Steel Division 2, PC,2019,73,71
eFootball PES 2021, PlayStation 4,2020,73,52
My Time At Portia, PC,2019,73,69
112 Operator, PC,2020,73,74
Star Ocean: First Departure R, PlayStation 4,2019,73,65
Marvel's Iron Man VR, PlayStation 4,2020,73,63
Dragon Ball Z: Kakarot, PlayStation 4,2020,73,79
RAGE 2, PC,2019,73,55
Greak: Memories of Azur, PC,2021,73,#¡VALOR!
The Ascent, PC,2021,73,79
Outriders, PC,2021,73,57
Draugen, PC,2019,73,68
Ninja Gaiden: Master Collection, PlayStation 4,2021,73,54
Arcade Spirits, PlayStation 4,2020,73,#¡VALOR!
Haven, PC,2020,73,78
The Dark Pictures Anthology: Little Hope, PC,2020,73,69
Minoria, PC,2019,73,72
WRC 10 FIA World Rally Championship, PC,2021,73,43
Sludge Life, PC,2020,73,71
Sniper Ghost Warrior Contracts 2, PC,2021,73,74
Sakura Wars, PlayStation 4,2020,73,74
The Elder Scrolls Online: Greymoor, PlayStation 4,2020,73,59
Heroland, PlayStation 4,2019,73,#¡VALOR!
Sparklite, PlayStation 4,2019,72,59
Mundaun, PC,2021,72,64
Borderlands 3: Psycho Krieg and the Fantastic Fustercluck, PC,2020,72,44
NHL 21, PlayStation 4,2020,72,22
Bugsnax, PC,2020,72,75
No Straight Roads, PC,2020,72,75
Zombie Army 4: Dead War, PlayStation 4,2020,72,62
Legend of Mana Remastered, PlayStation 4,2021,72,68
Monster Energy Supercross - The Official Videogame 2, PlayStation 4,2019,72,54
The Blackout Club, PlayStation 4,2019,72,66
Team Sonic Racing, PlayStation 4,2019,72,73
Backbone, PC,2021,72,64
Need for Speed Heat, PlayStation 4,2019,72,61
Assassin's Creed III Remastered, PlayStation 4,2019,72,47
GreedFall, PlayStation 4,2019,72,77
TOHU, PC,2021,72,60
Dark Devotion, PlayStation 4,2019,72,60
Mafia II: Definitive Edition, PC,2020,72,53
Kingdoms of Amalur: Re-Reckoning, PlayStation 4,2020,72,70
Beyond Blue, PC,2020,72,69
Rock of Ages 3: Make & Break, PC,2020,72,52
FIFA 21, PlayStation 4,2020,72,8
Gamedec, PC,2021,72,75
Demon Slayer: Kimetsu no Yaiba - The Hinokami Chronicles, PlayStation 4,2021,72,#¡VALOR!
Before We Leave, PC,2021,72,72
Spellbreak, PlayStation 4,2020,72,76
"Borderlands 3: Guns, Love, and Tentacles", PC,2020,72,61
Immortals Fenyx Rising: The Lost Gods, PC,2021,72,27
Dark Devotion, PC,2019,72,75
They Are Billions, PlayStation 4,2019,72,56
Immortals Fenyx Rising: A New God, PC,2021,72,32
Outriders, PlayStation 4,2021,72,47
Dead or Alive 6, PlayStation 4,2019,72,53
DIRT 5, PC,2020,72,42
Watch Dogs: Legion, PC,2020,72,55
GreedFall, PC,2019,72,75
El Hijo: A Wild West Tale, PlayStation 4,2021,72,#¡VALOR!
Carto, PC,2020,72,78
Need for Speed Heat, PC,2019,72,55
Code Vein, PC,2019,72,76
SIMULACRA, PlayStation 4,2019,72,35
Zanki Zero: Last Beginning, PlayStation 4,2019,72,59
Turnip Boy Commits Tax Evasion, PC,2021,72,67
Wattam, PlayStation 4,2019,72,65
Endzone: A World Apart, PC,2021,72,69
Daemon X Machina, PC,2020,72,72
Pumpkin Jack, PC,2020,71,76
Brigandine: The Legend of Runersia, PlayStation 4,2020,71,74
El Shaddai ASCENSION OF THE METATRON, PC,2021,71,#¡VALOR!
Mighty Goose, PC,2021,71,#¡VALOR!
Ninja Gaiden: Master Collection, PC,2021,71,38
Shakedown Hawaii, PC,2019,71,46
Lake, PC,2021,71,63
ASTRONEER, PC,2019,71,72
God's Trigger, PlayStation 4,2019,71,75
The Dark Pictures Anthology: Little Hope, PlayStation 4,2020,71,64
Hotshot Racing, PC,2020,71,70
Yu-Gi-Oh! Legacy of the Duelist: Link Evolution, PlayStation 4,2020,71,57
God Eater 3, PC,2019,71,62
Mutropolis, PC,2021,71,79
The Longest Road on Earth, PC,2021,71,73
Operation: Tango, PC,2021,71,77
9 Monkeys of Shaolin, PlayStation 4,2020,71,64
Far Cry New Dawn, PlayStation 4,2019,71,43
Days Gone, PlayStation 4,2019,71,84
Nioh 2: The First Samurai, PlayStation 4,2020,71,70
Leisure Suit Larry: Wet Dreams Don't Dry, PlayStation 4,2019,71,70
Mutant Year Zero: Road to Eden - Seed of Evil, PC,2019,71,64
Death end re;Quest, PlayStation 4,2019,71,78
Fairy Tail, PlayStation 4,2020,71,58
Rad, PC,2019,71,58
The Dungeon of Naheulbeuk: The Amulet of Chaos, PC,2020,71,81
Hoa, PC,2021,71,84
9 Monkeys of Shaolin, PC,2020,71,73
Willy Morgan and the Curse of Bone Town, PC,2020,71,63
SD Gundam G Generation Cross Rays, PC,2019,71,78
Felix the Reaper, PC,2019,71,74
Melbits World, PlayStation 4,2019,71,66
God Eater 3, PlayStation 4,2019,71,74
Rogue Lords, PC,2021,71,44
Morbid: The Seven Acolytes, PC,2020,71,53
Cozy Grove, PC,2021,71,59
Cozy Grove, PlayStation 4,2021,71,50
Call of Duty: Modern Warfare 2 Campaign Remastered, PlayStation 4,2020,71,73
The Hong Kong Massacre, PlayStation 4,2019,71,60
Breathedge, PC,2021,71,74
Assetto Corsa Competizione, PlayStation 4,2020,71,54
Olympic Games Tokyo 2020: The Official Video Game, PlayStation 4,2021,71,49
Relicta, PlayStation 4,2020,71,62
Destroy All Humans!, PC,2020,71,78
Shantae and the Seven Sirens, PlayStation 4,2020,71,57
The Sojourn, PlayStation 4,2019,71,67
Fracked, PlayStation 4,2021,71,#¡VALOR!
Through the Darkest of Times, PC,2020,71,61
Heaven's Vault, PlayStation 4,2019,71,48
The Sinking City, PC,2019,71,59
Sniper Ghost Warrior Contracts, PC,2019,71,67
Naraka: Bladepoint, PC,2021,71,75
Dice Legacy, PC,2021,71,#¡VALOR!
Afterparty, PlayStation 4,2019,70,68
DARQ, PC,2019,70,78
A Fisherman's Tale, PlayStation 4,2019,70,57
Sparklite, PC,2019,70,64
Last Stop, PC,2021,70,68
Layers of Fear 2, PC,2019,70,63
Lost Ember, PlayStation 4,2019,70,70
Maquette, PC,2021,70,47
Pacer, PC,2020,70,60
Re:Turn - One Way Trip, PC,2020,70,74
Maneater, PC,2020,70,66
Code Vein, PlayStation 4,2019,70,78
Cotton Reboot!, PlayStation 4,2021,70,#¡VALOR!
Vampire: The Masquerade - Coteries of New York, PC,2019,70,74
Turrican Flashback, PlayStation 4,2021,70,50
Mage's Initiation: Reign of the Elements, PC,2019,70,79
Tech Support: Error Unknown, PC,2019,70,51
Degrees of Separation, PlayStation 4,2019,70,60
Minecraft Dungeons, PC,2020,70,65
Saints Row: The Third Remastered, PC,2020,70,65
NASCAR Heat 4, PlayStation 4,2019,70,54
World War Z, PC,2019,70,59
Gods Will Fall, PC,2021,70,53
Immortal Realms: Vampire Wars, PC,2020,70,54
No Straight Roads, PlayStation 4,2020,70,68
Beyond A Steel Sky, PC,2020,70,71
The Invisible Hand, PC,2021,70,#¡VALOR!
Root Film, PlayStation 4,2021,70,#¡VALOR!
Disjunction, PlayStation 4,2021,70,#¡VALOR!
The Sims 4: Star Wars - Journey to Batuu, PC,2020,70,10
Radical Rabbit Stew, PlayStation 4,2020,70,66
TT Isle of Man: Ride On The Edge 2, PC,2020,70,66
Ancestors: The Humankind Odyssey, PlayStation 4,2019,70,59
Super Meat Boy Forever, PC,2020,70,42
Kingdoms of Amalur: Re-Reckoning, PC,2020,70,67
Blue Fire, PC,2021,70,72
Mosaic, PC,2019,70,63
Watch Dogs: Legion, PlayStation 4,2020,70,54
Project CARS 3, PlayStation 4,2020,70,37
Destroy All Humans!, PlayStation 4,2020,70,80
Boyfriend Dungeon, PC,2021,70,52
Raji: An Ancient Epic, PC,2020,70,77
Warriors Orochi 4 Ultimate, PlayStation 4,2020,70,58
Falcon Age, PlayStation 4,2019,70,57
Minute of Islands, PlayStation 4,2021,70,#¡VALOR!
Biped, PlayStation 4,2020,70,79
Coffee Talk, PlayStation 4,2020,70,63
The Solitaire Conspiracy, PC,2020,70,70
The Angry Birds Movie 2 VR: Under Pressure, PlayStation 4,2019,70,77
The Outer Worlds: Peril on Gorgon, PlayStation 4,2020,70,65
NUTS, PC,2021,70,56
As Far As The Eye, PC,2020,70,71
Monster Energy Supercross - The Official Videogame 3, PlayStation 4,2020,70,59
Surgeon Simulator 2: Access All Areas, PC,2020,70,63
Blair Witch, PC,2019,69,63
The Dark Pictures Anthology: Man of Medan, PlayStation 4,2019,69,57
Wolfenstein: Youngblood, PC,2019,69,23
Chocobo's Mystery Dungeon: Every Buddy!, PlayStation 4,2019,69,69
West of Dead, PC,2020,69,61
ActRaiser Renaissance, PlayStation 4,2021,69,73
Ikenfell, PC,2020,69,73
Here Be Dragons, PC,2019,69,80
Fallout 76: Wastelanders, PC,2020,69,59
SpongeBob SquarePants: Battle for Bikini Bottom - Rehydrated, PC,2020,69,87
Hitman HD Enhanced Collection, PlayStation 4,2019,69,31
Darkestville Castle, PlayStation 4,2020,69,#¡VALOR!
Banner of the Maid, PC,2019,69,82
The Liar Princess and the Blind Prince, PlayStation 4,2019,69,63
Rebel Cops, PC,2019,69,67
Crysis Remastered, PC,2020,69,35
Sword of the Necromancer, PC,2021,69,75
Twin Breaker: A Sacred Symbols Adventure, PlayStation 4,2020,69,74
Captain Tsubasa: Rise of New Champions, PlayStation 4,2020,69,73
Ultra Age, PlayStation 4,2021,69,72
Monster Truck Championship, PlayStation 4,2020,69,38
The Survivalists, PC,2020,69,59
Metamorphosis, PC,2020,69,79
Edna & Harvey: The Breakout - 10th Anniversary Edition, PlayStation 4,2020,69,#¡VALOR!
The Mage's Tale, PlayStation 4,2019,69,50
Aliens: Fireteam Elite, PC,2021,69,57
Warhammer: Chaosbane, PC,2019,69,50
Pathologic 2, PC,2019,69,88
Oninaki, PlayStation 4,2019,69,57
Assassin's Creed Valhalla: The Siege of Paris, PC,2021,69,70
Tannenberg, PC,2019,69,76
AO Tennis 2, PlayStation 4,2020,69,65
SIMULACRA 2, PC,2020,69,75
Shenmue III, PC,2019,69,61
Moons of Madness, PC,2019,69,55
Overland, PC,2019,69,66
Earth Defense Force: Iron Rain, PlayStation 4,2019,69,52
Out of Line, PC,2021,69,81
Ghosts 'n Goblins Resurrection, PlayStation 4,2021,69,73
Onee Chanbara ORIGIN, PlayStation 4,2020,69,72
Maid of Sker, PC,2020,69,70
Romance of the Three Kingdoms XIV, PlayStation 4,2020,69,64
Sea of Solitude, PlayStation 4,2019,69,61
Recompile, PC,2021,69,55
Vader Immortal: A Star Wars VR Series, PlayStation 4,2020,69,52
Erica, PlayStation 4,2019,69,69
Skate City, PlayStation 4,2021,69,#¡VALOR!
SpongeBob SquarePants: Battle for Bikini Bottom - Rehydrated, PlayStation 4,2020,68,90
Maneater, PlayStation 4,2020,68,73
Layers of Fear 2, PlayStation 4,2019,68,62
Monster Energy Supercross - The Official Videogame 4, PC,2021,68,#¡VALOR!
The Signifier, PC,2020,68,71
Night Call, PC,2019,68,56
NBA 2K21, PlayStation 4,2020,68,8
Hyper Scape, PC,2020,68,41
Espire 1: VR Operative, PC,2019,68,75
Stela, PC,2020,68,59
The Hong Kong Massacre, PC,2019,68,53
Kill la Kill: IF, PlayStation 4,2019,68,64
The Shattering, PC,2020,68,64
My Hero One's Justice 2, PlayStation 4,2020,68,45
Kill It With Fire, PC,2020,68,72
The Wizards: Enhanced Edition, PlayStation 4,2019,68,60
Spacebase Startopia, PC,2021,68,27
Project CARS 3, PC,2020,68,33
GORN, PlayStation 4,2020,68,50
King of Seas, PC,2021,68,75
Pathway, PC,2019,68,64
Astria Ascending, PC,2021,68,48
Doraemon: Story of Seasons, PlayStation 4,2020,68,#¡VALOR!
Marvel's Avengers, PC,2020,68,33
Rain of Reflections: Chapter 1, PC,2019,68,78
Effie, PlayStation 4,2019,68,68
Smoke and Sacrifice, PlayStation 4,2019,68,56
Re:ZERO - Starting Life in Another World: The Prophecy of the Throne, PlayStation 4,2021,68,68
Serious Sam 4, PC,2020,68,72
Arrog, PlayStation 4,2021,68,#¡VALOR!
Yupitergrad, PC,2020,68,83
Deliver Us The Moon, PC,2019,68,78
The Blind Prophet, PC,2020,68,75
Chronicle of Innsmouth: Mountains of Madness, PC,2021,68,76
The Occupation, PC,2019,68,41
City of Gangsters, PC,2021,68,80
Where the Heart Leads, PlayStation 4,2021,68,#¡VALOR!
Sniper Elite VR, PC,2021,68,73
Darius Cozmic Collection: Console, PlayStation 4,2020,68,#¡VALOR!
Close to the Sun, PlayStation 4,2019,68,53
Rocket Arena, PlayStation 4,2020,68,45
The Falconeer, PC,2020,68,51
Dry Drowning, PC,2019,68,79
Sniper Ghost Warrior Contracts 2, PlayStation 4,2021,68,69
MXGP 2019, PlayStation 4,2019,68,41
Shattered - Tale of the Forgotten King, PC,2021,68,#¡VALOR!
Wonder Boy: Asha in Monster World, PlayStation 4,2021,68,54
Stonefly, PlayStation 4,2021,68,#¡VALOR!
Chronos: Before the Ashes, PlayStation 4,2020,68,56
Port Royale 4, PC,2020,68,57
Argonus and the Gods of Stone, PC,2019,68,#¡VALOR!
Giga Wrecker Alt., PlayStation 4,2019,67,28
Milky Way Prince: The Vampire Star, PC,2020,67,85
MediEvil, PlayStation 4,2019,67,81
Edge Of Eternity, PC,2021,67,75
Song of Horror, PlayStation 4,2021,67,64
Crystar, PlayStation 4,2019,67,96
Disjunction, PC,2021,67,#¡VALOR!
Nelke & the Legendary Alchemists: Ateliers of the New World, PlayStation 4,2019,67,37
Katana Kami: A Way of the Samurai Story, PlayStation 4,2020,67,71
Say No! More, PC,2021,67,60
The Almost Gone, PC,2020,67,#¡VALOR!
Alex Kidd in Miracle World DX, PC,2021,67,79
Cobra Kai: The Karate Kid Saga Continues, PlayStation 4,2020,67,67
DOOM 3: VR Edition, PlayStation 4,2021,67,72
Nerve, PC,2021,67,#¡VALOR!
Port Royale 4, PlayStation 4,2020,67,#¡VALOR!
Outward, PC,2019,67,71
The Bradwell Conspiracy, PlayStation 4,2019,67,60
Marvel's Avengers, PlayStation 4,2020,67,49
Space Invaders Forever, PlayStation 4,2020,67,#¡VALOR!
"Warhammer 40,000: Mechanicus", PlayStation 4,2020,67,72
Total War: Three Kingdoms - Eight Princes, PC,2019,67,42
Rainswept, PC,2019,67,68
Medal of Honor: Above and Beyond, PC,2020,67,63
Mini-Mech Mayhem, PlayStation 4,2019,67,55
Siege Survival: Gloria Victis, PC,2021,67,60
Exit the Gungeon, PC,2020,67,66
Weedcraft Inc, PC,2019,67,69
Genesis Alpha One, PC,2019,67,48
Shenmue III, PlayStation 4,2019,67,77
RAGE 2, PlayStation 4,2019,67,60
Big Rumble Boxing: Creed Champions, PlayStation 4,2021,67,#¡VALOR!
Giraffe and Annika, PC,2020,67,69
Ministry of Broadcast, PC,2020,67,75
Help Will Come Tomorrow, PC,2020,67,71
Redeemer: Enhanced Edition, PlayStation 4,2019,67,73
World War Z, PlayStation 4,2019,67,62
Winds & Leaves, PlayStation 4,2021,67,#¡VALOR!
Chronos: Before the Ashes, PC,2020,67,64
Samurai Jack: Battle Through Time, PlayStation 4,2020,67,75
Interrogation: You will be deceived, PC,2019,67,76
Onimusha: Warlords, PC,2019,67,64
Biomutant, PC,2021,67,63
WE ARE FOOTBALL, PC,2021,67,#¡VALOR!
The Dark Crystal: Age of Resistance Tactics, PC,2020,67,61
Rust: Console Edition, PlayStation 4,2021,66,14
Encodya, PC,2021,66,78
Ghostbusters: The Video Game Remastered, PlayStation 4,2019,66,71
Aquanox Deep Descent, PC,2020,66,76
Maneater: Truth Quest, PC,2021,66,44
Paradise Lost, PlayStation 4,2021,66,65
Fairy Tail, PC,2020,66,52
American Fugitive, PC,2019,66,63
Kingdom Hearts III - Re Mind, PlayStation 4,2020,66,61
Close to the Sun, PC,2020,66,51
Battletoads, PC,2020,66,52
Truberbrook: A Nerd Saves the World, PC,2019,66,46
Rustler, PC,2021,66,52
ToeJam & Earl: Back in the Groove, PlayStation 4,2019,66,63
Someday You'll Return, PC,2020,66,81
The Magnificent Trufflepigs, PC,2021,66,48
JETT: The Far Shore, PC,2021,66,60
American Fugitive, PlayStation 4,2019,66,52
Company of Crime, PC,2020,66,#¡VALOR!
Riverbond, PlayStation 4,2019,66,53
Immortals Fenyx Rising: Myths of the Eastern Realm, PC,2021,65,50
Stronghold: Warlords, PC,2021,65,64
Ever Forward, PC,2020,65,69
Ash of Gods: Redemption, PlayStation 4,2020,65,70
Senran Kagura Burst Re:Newal, PlayStation 4,2019,65,49
Aragami 2, PC,2021,65,62
Torchlight III, PC,2020,65,31
Twin Mirror, PC,2020,65,57
Transient, PC,2020,65,53
Zool Redimensioned, PC,2021,65,#¡VALOR!
Might & Magic: Chess Royale, PC,2020,65,33
The Church in the Darkness, PC,2019,65,71
Sniper Elite V2 Remastered, PlayStation 4,2019,65,42
Blacksad: Under the Skin, PC,2019,65,77
AO Tennis 2, PC,2020,65,77
Orwell's Animal Farm, PC,2020,65,48
Rock of Ages 3: Make & Break, PlayStation 4,2020,65,62
The Bradwell Conspiracy, PC,2019,65,64
Genesis Alpha One, PlayStation 4,2019,65,43
Skelattack, PlayStation 4,2020,65,65
Stranded Deep, PlayStation 4,2020,65,40
Struggling, PC,2020,65,70
Conarium, PlayStation 4,2019,65,51
Sniper Ghost Warrior Contracts, PlayStation 4,2019,65,62
King's Bounty II, PC,2021,65,50
Redout: Space Assault, PC,2021,65,35
Dariusburst: Another Chronicle EX+, PlayStation 4,2021,65,#¡VALOR!
Blair Witch, PlayStation 4,2019,65,63
Metal Wolf Chaos XD, PC,2019,65,56
Dusk Diver, PlayStation 4,2019,64,72
Cloudpunk, PlayStation 4,2020,64,67
Warhammer Age of Sigmar: Storm Ground, PC,2021,64,46
Stonefly, PC,2021,64,#¡VALOR!
YIIK: A Postmodern RPG, PC,2019,64,28
Foregone, PlayStation 4,2020,64,77
Shadow Man: Remastered, PC,2021,64,73
Treachery in Beatdown City, PC,2020,64,#¡VALOR!
Xenon Racer, PC,2019,64,56
Windbound, PlayStation 4,2020,64,51
Red Solstice 2: Survivors, PC,2021,64,50
An Airport for Aliens Currently Run by Dogs, PC,2021,64,#¡VALOR!
The Caligula Effect: Overdose, PlayStation 4,2019,64,60
Maid of Sker, PlayStation 4,2020,64,63
Ancestors: The Humankind Odyssey, PC,2019,64,58
Biomutant, PlayStation 4,2021,64,68
Pagan Online, PC,2019,64,50
Xenon Racer, PlayStation 4,2019,64,57
ChromaGun VR, PlayStation 4,2019,64,51
The Sinking City, PlayStation 4,2019,64,69
Corruption 2029, PC,2020,64,59
Snooker 19, PlayStation 4,2019,64,49
Infliction: Extended Cut, PlayStation 4,2020,64,62
Resident Evil: Resistance, PlayStation 4,2020,64,37
Sea of Solitude, PC,2019,64,65
Peaky Blinders: Mastermind, PlayStation 4,2020,64,54
Hellpoint, PC,2020,64,62
The Outer Worlds: Murder on Eridanos, PlayStation 4,2021,64,67
Vampire: The Masquerade - Shadows of New York, PC,2020,64,58
Wolfenstein: Youngblood, PlayStation 4,2019,63,26
Summer in Mara, PC,2020,63,84
198X, PC,2019,63,55
Fallout 76: Wastelanders, PlayStation 4,2020,63,60
Moons of Madness, PlayStation 4,2020,63,45
Metal Wolf Chaos XD, PlayStation 4,2019,63,63
The Suicide of Rachel Foster, PC,2020,63,71
Arcade Classics Anniversary Collection, PlayStation 4,2019,63,39
Space Junkies, PlayStation 4,2019,63,34
Skully, PlayStation 4,2020,63,#¡VALOR!
Citizens of Space, PlayStation 4,2019,63,67
Jon Shafer's At the Gates, PC,2019,63,56
King of Seas, PlayStation 4,2021,63,#¡VALOR!
What Happened, PC,2020,63,71
The Flower Collectors, PC,2020,63,60
Deliver Us The Moon: Fortuna, PC,2019,63,61
8-Bit Hordes, PlayStation 4,2019,63,30
Travis Strikes Again: No More Heroes - Complete Edition, PlayStation 4,2019,63,78
Neverwinter Nights: Enhanced Edition, PlayStation 4,2019,63,36
NASCAR Heat 5, PlayStation 4,2020,63,44
SkateBIRD, PC,2021,63,35
The Blackout Club, PC,2019,63,71
Empire of Sin, PC,2020,63,61
The Occupation, PlayStation 4,2019,63,39
Maskmaker, PlayStation 4,2021,63,#¡VALOR!
Warhammer: Chaosbane, PlayStation 4,2019,63,46
Bubsy: Paws on Fire, PlayStation 4,2019,63,76
Madden NFL 21, PlayStation 4,2020,63,2
Gods Will Fall, PlayStation 4,2021,63,63
Bookbound Brigade, PC,2020,63,#¡VALOR!
Daymare: 1998, PC,2019,62,68
Groundhog Day: Like Father Like Son, PlayStation 4,2019,62,54
Hyper Scape, PlayStation 4,2020,62,49
OVERPASS, PC,2020,62,50
Warsaw, PC,2019,62,70
Hood: Outlaws & Legends, PC,2021,62,39
Rise of Industry, PC,2019,62,81
Poison Control, PlayStation 4,2021,62,#¡VALOR!
Dangerous Driving, PlayStation 4,2019,62,38
Super Monkey Ball: Banana Blitz HD, PlayStation 4,2019,62,55
Mable & The Wood, PC,2019,62,42
Intruders: Hide and Seek, PlayStation 4,2019,62,67
Disintegration, PC,2020,62,59
Wavey The Rocket, PC,2020,62,#¡VALOR!
Conan Unconquered, PC,2019,62,47
Namco Museum Archives Vol. 1, PlayStation 4,2020,62,#¡VALOR!
Outward, PlayStation 4,2019,62,69
Bleeding Edge, PC,2020,62,52
Don't Forget Me, PC,2021,62,#¡VALOR!
Onee Chanbara ORIGIN, PC,2020,62,#¡VALOR!
Kingdom Under Fire II, PC,2019,62,56
Warparty, PC,2019,62,67
Torchlight III, PlayStation 4,2020,62,30
Predator: Hunting Grounds, PC,2020,62,50
Conception Plus: Maidens of the Twelve Stars, PlayStation 4,2019,62,44
The Complex, PC,2020,62,72
Lost Ruins, PC,2021,61,82
Tannenberg, PlayStation 4,2020,61,#¡VALOR!
Necromunda: Hired Gun, PC,2021,61,64
Hellbound, PC,2020,61,62
Wizardry: Labyrinth of Lost Souls, PC,2020,61,#¡VALOR!
The Walking Dead Onslaught, PlayStation 4,2020,61,68
Monster Jam Steel Titans 2, PlayStation 4,2021,61,55
Skully, PC,2020,61,76
Monkey King: Hero is Back, PlayStation 4,2019,61,64
Tour de France 2020, PlayStation 4,2020,61,49
Lust from Beyond, PC,2021,61,66
Override 2: Super Mech League, PC,2020,61,#¡VALOR!
Ashwalkers: A Survival Journey, PC,2021,61,#¡VALOR!
Sniper Elite V2 Remastered, PC,2019,61,42
Massira, PlayStation 4,2019,60,55
WWE 2K Battlegrounds, PlayStation 4,2020,60,48
Sheltered 2, PC,2021,60,#¡VALOR!
Fight Crab, PC,2020,60,73
The Complex, PlayStation 4,2020,60,56
Conglomerate 451, PC,2020,60,50
Tennis World Tour 2, PC,2020,60,85
Drawn to Life: Two Realms, PC,2020,60,#¡VALOR!
Alex Kidd in Miracle World DX, PlayStation 4,2021,60,65
Cyanide & Happiness - Freakpocalypse, PC,2021,60,#¡VALOR!
Windbound, PC,2020,60,53
Dead or School, PlayStation 4,2020,60,51
Truck Racing Championship, PlayStation 4,2019,60,37
Disintegration, PlayStation 4,2020,60,47
Wolcen: Lords of Mayhem, PC,2020,60,56
Super Neptunia RPG, PlayStation 4,2019,60,40
Kandagawa Jet Girls, PlayStation 4,2020,60,61
Commandos 2 HD Remaster, PC,2020,60,24
TASOMACHI: Behind the Twilight, PC,2021,60,#¡VALOR!
Jump Force, PC,2019,60,41
Terminator: Resistance, PC,2019,60,81
Twin Mirror, PlayStation 4,2020,60,48
Separation, PlayStation 4,2020,59,48
Narcos: Rise of the Cartels, PlayStation 4,2019,59,28
YIIK: A Postmodern RPG, PlayStation 4,2019,59,37
Vambrace: Cold Soul, PC,2019,59,49
Ary and the Secret of Seasons, PC,2020,59,55
Immortal Legacy: The Jade Cipher, PlayStation 4,2019,59,72
Godfall, PC,2020,59,39
Final Fantasy Crystal Chronicles: Remastered Edition, PlayStation 4,2020,59,50
Warcraft III: Reforged, PC,2020,59,6
Hellpoint, PlayStation 4,2020,59,68
Blacksad: Under the Skin, PlayStation 4,2019,59,58
Drug Dealer Simulator, PC,2020,59,64
Darksiders III: Keepers of the Void, PlayStation 4,2019,59,25
Utawarerumono Zan, PlayStation 4,2019,59,38
The Academy: The First Riddle, PC,2020,59,#¡VALOR!
Warlander, PC,2020,59,#¡VALOR!
Necromunda: Underhive Wars, PlayStation 4,2020,59,31
Asterix & Obelix XXL 3: The Crystal Menhir, PlayStation 4,2019,59,52
Crysis Remastered, PlayStation 4,2020,59,35
Space Crew, PC,2020,59,73
Clid the Snail, PlayStation 4,2021,59,73
Golem, PlayStation 4,2019,59,68
Crossroads Inn, PC,2019,59,65
The Dark Crystal: Age of Resistance Tactics, PlayStation 4,2020,59,42
Anthem, PC,2019,59,40
Forgotten Fields, PC,2021,59,#¡VALOR!
Blightbound, PC,2021,58,#¡VALOR!
Romance of the Three Kingdoms XIV, PC,2020,58,60
Bee Simulator, PC,2019,58,59
One Piece: World Seeker, PlayStation 4,2019,58,44
Jupiter & Mars, PlayStation 4,2019,58,50
Nickelodeon Kart Racers 2: Grand Prix, PlayStation 4,2020,58,69
Dread Nautical, PC,2020,58,#¡VALOR!
Black Legend, PC,2021,58,#¡VALOR!
The Suicide of Rachel Foster, PlayStation 4,2020,58,60
Sword Art Online: Alicization Lycoris, PlayStation 4,2020,58,59
The Church in the Darkness, PlayStation 4,2019,58,50
Tom Clancy's Ghost Recon: Breakpoint, PC,2019,58,27
Black Legend, PlayStation 4,2021,58,#¡VALOR!
Star Wars: Republic Commando, PlayStation 4,2021,58,72
Peaky Blinders: Mastermind, PC,2020,58,70
Paradise Lost, PC,2021,58,68
Vicious Circle, PC,2019,58,53
Fade to Silence, PC,2019,57,46
Stranger Things 3: The Game, PlayStation 4,2019,57,50
The LEGO Movie 2 Videogame, PlayStation 4,2019,57,26
Skater XL, PlayStation 4,2020,57,53
One Punch Man: A Hero Nobody Knows, PlayStation 4,2020,57,40
Foreclosed, PC,2021,57,#¡VALOR!
Griefhelm, PC,2020,57,68
Eclipse: Edge of Light, PlayStation 4,2020,57,36
Orangeblood, PC,2020,57,75
Cyberpunk 2077, PlayStation 4,2020,57,36
House Flipper, PC,2020,56,76
Neverwinter Nights: Enhanced Edition, PlayStation 4,2019,56,58
Praetorians HD Remaster, PlayStation 4,2020,56,74
Tennis World Tour 2, PlayStation 4,2020,56,68
WWE 2K Battlegrounds, PlayStation 4,2020,56,45
Necromunda: Hired Gun, PC,2021,56,58
Contra: Rogue Corps, PC,2019,56,45
VR Ping Pong Pro, PC,2019,55,53
Galaxy Warfighter, PC,2020,55,#¡VALOR!
Terminator: Resistance, PC,2019,55,84
Anthem, PC,2019,54,35
Buildings Have Feelings Too!, PC,2021,54,#¡VALOR!
The Padre, PC,2019,54,#¡VALOR!
Bakugan: Champions of Vestroia, PC,2020,53,46
Grimshade, PlayStation 4,2019,53,57
Little Friends: Dogs & Cats, PlayStation 4,2019,53,55
Buildings Have Feelings Too!, PC,2021,53,#¡VALOR!
Doctor Who: The Edge Of Time, PC,2019,52,73
Akiba's Trip: Hellbound & Debriefed, PlayStation 4,2021,52,48
Commandos 2 HD Remaster, PlayStation 4,2020,52,#¡VALOR!
Fimbul, PC,2019,52,15
Asterix & Obelix XXL 3: The Crystal Menhir, PlayStation 4,2019,52,54
Contra: Rogue Corps, PC,2019,52,42
SkateBIRD, PlayStation 4,2021,52,22
Star Horizon, PC,2020,52,#¡VALOR!
G.I. Joe: Operation Blackout, PC,2020,51,61
V-Rally 4, PC,2019,51,46
Generation Zero, PC,2019,51,56
Devil May Cry 2, PC,2019,50,79
The Forbidden Arts, PlayStation 4,2019,50,#¡VALOR!
Necromunda: Hired Gun, PC,2021,49,43
The Dark Eye : Book of Heroes, PC,2020,48,20
I Saw Black Clouds, PC,2021,48,#¡VALOR!
Monster Jam Steel Titans, PC,2019,47,40
Cooking Mama: Cookstar, PC,2020,46,68
Arc of Alchemist, PC,2020,46,35
Remothered: Broken Porcelain, PC,2020,44,63
Fimbul, PC,2019,44,#¡VALOR!
Submersed, PC,2019,44,45
Empire of Sin, PC,2020,43,48
Balan Wonderworld, PC,2021,38,66
Left Alive, PlayStation 4,2019,37,82
Eternity: The Last Unicorn, PlayStation 4,2019,36,40
Fast & Furious Crossroads, PlayStation 4,2020,35,17
Fast & Furious Crossroads, PC,2020,34,17
Dawn of Fear, PlayStation 4,2020,33,41
XIII (Remake), PC,2020,29,25
